Fund Name,P1,P2,P3,P4,Topsis Score,Rank
M1,0.67,0.45,6.5,42.6,0.146876994506973,5
M2,0.6,0.36,3.3,53.3,0.5132045317144119,3
M3,0.82,0.67,3.8,61.7,0.8820196818282724,1
M4,0.75,0.55,4.1,49.2,0.5375224126770111,2
M5,0.9,0.7,5.2,40.8,0.4555537540143756,4
