Fund Name,P1,P2,P3,P4,Topsis Score,Rank
M1,0.67,0.45,6.5,42.6,0.5395966467636789,2
M2,0.6,0.36,3.3,53.3,0.17153426059784163,3
M3,0.82,0.67,3.8,61.7,0.5780977730929194,1
