Fund Name,P1,P2,P3,P4,Topsis Score,Rank
M1,0.67,0.45,6.5,42.6,0.5156964492991598,3
M2,0.6,0.36,3.3,53.3,0.19869476415953555,5
M3,0.82,0.67,3.8,61.7,0.5649708018073463,2
M4,0.75,0.55,4.1,49.2,0.41145802748693977,4
M5,0.9,0.7,5.2,40.8,0.623788142314985,1
